tag,timestamp,desc,backend,path,batch,cache,method,elapsed_mean_s,elapsed_min_s,elapsed_median_s,reps,bytes,throughput_MB_s,shape,dtype,hash,ok,error
baseline,2026-06-18T20:44:53.210848+00:00,baseline: naive per-frame read_frame + np.stack + H2D,pypi-nd2,/store1/prj_rim/data_raw/2023-06-02-03.nd2,1,warm,naive_stack,0.00010056720348075032,9.707699064165354e-05,0.00010152201866731048,5,273056,2715.1595206907186,1x2x212x322,uint16,068958289b6a668e1e2f79e779da5bce,True,
baseline,2026-06-18T20:44:53.210848+00:00,baseline: naive per-frame read_frame + np.stack + H2D,pypi-nd2,/store1/prj_rim/data_raw/2023-06-02-03.nd2,1,cold,naive_stack,0.0018176546630760033,0.0017866910202428699,0.0017913389601744711,3,273056,150.22435534476574,1x2x212x322,uint16,068958289b6a668e1e2f79e779da5bce,True,
baseline,2026-06-18T20:44:53.210848+00:00,baseline: naive per-frame read_frame + np.stack + H2D,pypi-nd2,/store1/prj_rim/data_raw/2023-06-02-03.nd2,8,warm,naive_stack,0.002455195796210319,0.0024096189881674945,0.0024391040205955505,5,2184448,889.7245602048408,8x2x212x322,uint16,41c44ecbaee719c66c8b704ff27167e9,True,
baseline,2026-06-18T20:44:53.210848+00:00,baseline: naive per-frame read_frame + np.stack + H2D,pypi-nd2,/store1/prj_rim/data_raw/2023-06-02-03.nd2,8,cold,naive_stack,0.005753840319812298,0.005699304980225861,0.0057381929946132,3,2184448,379.6504384173214,8x2x212x322,uint16,41c44ecbaee719c66c8b704ff27167e9,True,
baseline,2026-06-18T20:44:53.210848+00:00,baseline: naive per-frame read_frame + np.stack + H2D,pypi-nd2,/store1/prj_rim/data_raw/2023-06-02-03.nd2,16,warm,naive_stack,0.0050577360088936985,0.004909845010843128,0.005029626016039401,5,4368896,863.8046731418132,16x2x212x322,uint16,b65d134ef330922bad7a0935e5d9df20,True,
baseline,2026-06-18T20:44:53.210848+00:00,baseline: naive per-frame read_frame + np.stack + H2D,pypi-nd2,/store1/prj_rim/data_raw/2023-06-02-03.nd2,16,cold,naive_stack,0.01537590033452337,0.01491739001357928,0.015003698994405568,3,4368896,284.13919867772273,16x2x212x322,uint16,b65d134ef330922bad7a0935e5d9df20,True,
baseline,2026-06-18T20:44:53.210848+00:00,baseline: naive per-frame read_frame + np.stack + H2D,pypi-nd2,/store1/prj_rim/data_raw/2023-06-02-03.nd2,32,warm,naive_stack,0.01104519700165838,0.010914771002717316,0.010991376009769738,5,8737792,791.0942646553127,32x2x212x322,uint16,15a623cc9771aba4f7044f8e8cd5f074,True,
baseline,2026-06-18T20:44:53.210848+00:00,baseline: naive per-frame read_frame + np.stack + H2D,pypi-nd2,/store1/prj_rim/data_raw/2023-06-02-03.nd2,32,cold,naive_stack,0.03968185533691818,0.03765179397305474,0.03999141801614314,3,8737792,220.19615579493225,32x2x212x322,uint16,15a623cc9771aba4f7044f8e8cd5f074,True,
baseline,2026-06-18T20:44:53.210848+00:00,baseline: naive per-frame read_frame + np.stack + H2D,pypi-nd2,/store1/prj_rim/data_raw/2023-06-02-03.nd2,64,warm,naive_stack,0.025011800788342954,0.023987321997992694,0.02417507499922067,5,17475584,698.6935546098185,64x2x212x322,uint16,223eff8249123a8fb623136cb4e21839,True,
baseline,2026-06-18T20:44:53.210848+00:00,baseline: naive per-frame read_frame + np.stack + H2D,pypi-nd2,/store1/prj_rim/data_raw/2023-06-02-03.nd2,64,cold,naive_stack,0.08564900098523746,0.08103477099211887,0.0863910989719443,3,17475584,204.03721933676854,64x2x212x322,uint16,223eff8249123a8fb623136cb4e21839,True,
baseline,2026-06-18T20:44:53.210848+00:00,baseline: naive per-frame read_frame + np.stack + H2D,pypi-nd2,/store1/prj_rim/data_raw/2023-06-02-03.nd2,128,warm,naive_stack,0.04827271440299228,0.04805982200196013,0.04823103902162984,5,34951168,724.0356883232049,128x2x212x322,uint16,f59f7a8b4ead52a9d1c524196351ca87,True,
baseline,2026-06-18T20:44:53.210848+00:00,baseline: naive per-frame read_frame + np.stack + H2D,pypi-nd2,/store1/prj_rim/data_raw/2023-06-02-03.nd2,128,cold,naive_stack,0.1544447666577374,0.14616831997409463,0.1549431369639933,3,34951168,226.30205449081177,128x2x212x322,uint16,f59f7a8b4ead52a9d1c524196351ca87,True,
baseline,2026-06-18T20:44:53.210848+00:00,baseline: naive per-frame read_frame + np.stack + H2D,pypi-nd2,/store1/prj_rim/data_raw/2023-06-02-04.nd2,1,warm,naive_stack,0.00010046559618785978,9.688601130619645e-05,9.936001151800156e-05,5,273056,2717.9055354373736,1x2x212x322,uint16,76363fa327557646a6c89f12fc0f65a6,True,
baseline,2026-06-18T20:44:53.210848+00:00,baseline: naive per-frame read_frame + np.stack + H2D,pypi-nd2,/store1/prj_rim/data_raw/2023-06-02-04.nd2,1,cold,naive_stack,0.0018070386916709442,0.0017804520321078598,0.0018190600094385445,3,273056,151.1068917663898,1x2x212x322,uint16,76363fa327557646a6c89f12fc0f65a6,True,
baseline,2026-06-18T20:44:53.210848+00:00,baseline: naive per-frame read_frame + np.stack + H2D,pypi-nd2,/store1/prj_rim/data_raw/2023-06-02-04.nd2,8,warm,naive_stack,0.0023258671863004565,0.0023160389973782003,0.002323620021343231,5,2184448,939.1972219508376,8x2x212x322,uint16,4077961d3c169aadf7283b13c3cef21a,True,
baseline,2026-06-18T20:44:53.210848+00:00,baseline: naive per-frame read_frame + np.stack + H2D,pypi-nd2,/store1/prj_rim/data_raw/2023-06-02-04.nd2,8,cold,naive_stack,0.005255012326718618,0.005193052988033742,0.005263627972453833,3,2184448,415.6884635442963,8x2x212x322,uint16,4077961d3c169aadf7283b13c3cef21a,True,
baseline,2026-06-18T20:44:53.210848+00:00,baseline: naive per-frame read_frame + np.stack + H2D,pypi-nd2,/store1/prj_rim/data_raw/2023-06-02-04.nd2,16,warm,naive_stack,0.004935432388447225,0.004851968958973885,0.004962795996107161,5,4368896,885.2103840438857,16x2x212x322,uint16,2f9778364ccdb37a02bcaf662b897d4d,True,
baseline,2026-06-18T20:44:53.210848+00:00,baseline: naive per-frame read_frame + np.stack + H2D,pypi-nd2,/store1/prj_rim/data_raw/2023-06-02-04.nd2,16,cold,naive_stack,0.01334314834093675,0.013152681000065058,0.013343970000278205,3,4368896,327.42617322152046,16x2x212x322,uint16,2f9778364ccdb37a02bcaf662b897d4d,True,
baseline,2026-06-18T20:44:53.210848+00:00,baseline: naive per-frame read_frame + np.stack + H2D,pypi-nd2,/store1/prj_rim/data_raw/2023-06-02-04.nd2,32,warm,naive_stack,0.010898111399728804,0.010702870960813016,0.01091205602278933,5,8737792,801.7712133331136,32x2x212x322,uint16,fbc0a36f13e7610acbe4435b1a094acb,True,
baseline,2026-06-18T20:44:53.210848+00:00,baseline: naive per-frame read_frame + np.stack + H2D,pypi-nd2,/store1/prj_rim/data_raw/2023-06-02-04.nd2,32,cold,naive_stack,0.02940621735372891,0.029093693010509014,0.02913178101880476,3,8737792,297.1409717507236,32x2x212x322,uint16,fbc0a36f13e7610acbe4435b1a094acb,True,
baseline,2026-06-18T20:44:53.210848+00:00,baseline: naive per-frame read_frame + np.stack + H2D,pypi-nd2,/store1/prj_rim/data_raw/2023-06-02-04.nd2,64,warm,naive_stack,0.022265129396691917,0.02191099402261898,0.022315934009384364,5,17475584,784.8858045530366,64x2x212x322,uint16,5914682c419f31d551b0546443cd4d67,True,
baseline,2026-06-18T20:44:53.210848+00:00,baseline: naive per-frame read_frame + np.stack + H2D,pypi-nd2,/store1/prj_rim/data_raw/2023-06-02-04.nd2,64,cold,naive_stack,0.06478756798120837,0.06275652896147221,0.06401203997666016,3,17475584,269.73668783290015,64x2x212x322,uint16,5914682c419f31d551b0546443cd4d67,True,
baseline,2026-06-18T20:44:53.210848+00:00,baseline: naive per-frame read_frame + np.stack + H2D,pypi-nd2,/store1/prj_rim/data_raw/2023-06-02-04.nd2,128,warm,naive_stack,0.04358846039976925,0.043264568026643246,0.04339863103814423,5,34951168,801.8445175499942,128x2x212x322,uint16,ff05eb71429b71c9a8fbbcf45385c781,True,
baseline,2026-06-18T20:44:53.210848+00:00,baseline: naive per-frame read_frame + np.stack + H2D,pypi-nd2,/store1/prj_rim/data_raw/2023-06-02-04.nd2,128,cold,naive_stack,0.1377787896975254,0.1349458460463211,0.13546642003348097,3,34951168,253.67596911491626,128x2x212x322,uint16,ff05eb71429b71c9a8fbbcf45385c781,True,
baseline,2026-06-18T20:44:53.210848+00:00,baseline: naive per-frame read_frame + np.stack + H2D,pypi-nd2,/store1/prj_rim/data_raw/2023-06-03-11.nd2,1,warm,naive_stack,0.00010029319673776627,9.830796625465155e-05,9.8828983027488e-05,5,273056,2722.577491611437,1x2x212x322,uint16,b8c1ba0e2d72b2867ce22bb3962f213e,True,
baseline,2026-06-18T20:44:53.210848+00:00,baseline: naive per-frame read_frame + np.stack + H2D,pypi-nd2,/store1/prj_rim/data_raw/2023-06-03-11.nd2,1,cold,naive_stack,0.0017824310149687033,0.001763837004546076,0.0017727190279401839,3,273056,153.19302554034294,1x2x212x322,uint16,b8c1ba0e2d72b2867ce22bb3962f213e,True,
baseline,2026-06-18T20:44:53.210848+00:00,baseline: naive per-frame read_frame + np.stack + H2D,pypi-nd2,/store1/prj_rim/data_raw/2023-06-03-11.nd2,8,warm,naive_stack,0.002355740615166724,0.002347286033909768,0.002353545045480132,5,2184448,927.2871495002854,8x2x212x322,uint16,67addd194307e9021c38d5fd7555a48f,True,
baseline,2026-06-18T20:44:53.210848+00:00,baseline: naive per-frame read_frame + np.stack + H2D,pypi-nd2,/store1/prj_rim/data_raw/2023-06-03-11.nd2,8,cold,naive_stack,0.005359509668778628,0.005091600003652275,0.005282095982693136,3,2184448,407.58355428022037,8x2x212x322,uint16,67addd194307e9021c38d5fd7555a48f,True,
baseline,2026-06-18T20:44:53.210848+00:00,baseline: naive per-frame read_frame + np.stack + H2D,pypi-nd2,/store1/prj_rim/data_raw/2023-06-03-11.nd2,16,warm,naive_stack,0.004866622609551996,0.004845147952437401,0.004867953015491366,5,4368896,897.7264831312212,16x2x212x322,uint16,e9a632155fb56221cfcedce7f927fbc0,True,
baseline,2026-06-18T20:44:53.210848+00:00,baseline: naive per-frame read_frame + np.stack + H2D,pypi-nd2,/store1/prj_rim/data_raw/2023-06-03-11.nd2,16,cold,naive_stack,0.014812080985090384,0.014590466977097094,0.014878981979563832,3,4368896,294.95490906359913,16x2x212x322,uint16,e9a632155fb56221cfcedce7f927fbc0,True,
baseline,2026-06-18T20:44:53.210848+00:00,baseline: naive per-frame read_frame + np.stack + H2D,pypi-nd2,/store1/prj_rim/data_raw/2023-06-03-11.nd2,32,warm,naive_stack,0.010453630390111357,0.010375468991696835,0.010479224962182343,5,8737792,835.861961244157,32x2x212x322,uint16,d860e56188aced9813599207c5ea1a45,True,
baseline,2026-06-18T20:44:53.210848+00:00,baseline: naive per-frame read_frame + np.stack + H2D,pypi-nd2,/store1/prj_rim/data_raw/2023-06-03-11.nd2,32,cold,naive_stack,0.03473692034215977,0.0337529819807969,0.03404761501587927,3,8737792,251.5419304282726,32x2x212x322,uint16,d860e56188aced9813599207c5ea1a45,True,
baseline,2026-06-18T20:44:53.210848+00:00,baseline: naive per-frame read_frame + np.stack + H2D,pypi-nd2,/store1/prj_rim/data_raw/2023-06-03-11.nd2,64,warm,naive_stack,0.021429320599418135,0.020993612008169293,0.02148416097043082,5,17475584,815.49874243211,64x2x212x322,uint16,8ffc1dd0c888fbe22f07be18fcb3fcab,True,
baseline,2026-06-18T20:44:53.210848+00:00,baseline: naive per-frame read_frame + np.stack + H2D,pypi-nd2,/store1/prj_rim/data_raw/2023-06-03-11.nd2,64,cold,naive_stack,0.07647672900930047,0.07006886403542012,0.07273409800836816,3,17475584,228.50851790320115,64x2x212x322,uint16,8ffc1dd0c888fbe22f07be18fcb3fcab,True,
baseline,2026-06-18T20:44:53.210848+00:00,baseline: naive per-frame read_frame + np.stack + H2D,pypi-nd2,/store1/prj_rim/data_raw/2023-06-03-11.nd2,128,warm,naive_stack,0.04252369260648266,0.04222051601391286,0.042328908981289715,5,34951168,821.9222240044074,128x2x212x322,uint16,a7fbf8e34e3bb19c3aea3969ad609543,True,
baseline,2026-06-18T20:44:53.210848+00:00,baseline: naive per-frame read_frame + np.stack + H2D,pypi-nd2,/store1/prj_rim/data_raw/2023-06-03-11.nd2,128,cold,naive_stack,0.1304461176817616,0.12730009900406003,0.1290451570530422,3,34951168,267.93567046025413,128x2x212x322,uint16,a7fbf8e34e3bb19c3aea3969ad609543,True,
baseline,2026-06-18T20:44:53.210848+00:00,baseline: naive per-frame read_frame + np.stack + H2D,nd2-rs,/store1/prj_rim/data_raw/2023-06-02-03.nd2,1,warm,naive_stack,0.0001227445900440216,0.00011435197666287422,0.00011679599992930889,5,273056,2224.5868425001063,1x2x212x322,uint16,068958289b6a668e1e2f79e779da5bce,True,
baseline,2026-06-18T20:44:53.210848+00:00,baseline: naive per-frame read_frame + np.stack + H2D,nd2-rs,/store1/prj_rim/data_raw/2023-06-02-03.nd2,1,cold,naive_stack,0.00184076267760247,0.0016913069994188845,0.0018154950230382383,3,273056,148.3385138792829,1x2x212x322,uint16,068958289b6a668e1e2f79e779da5bce,True,
baseline,2026-06-18T20:44:53.210848+00:00,baseline: naive per-frame read_frame + np.stack + H2D,nd2-rs,/store1/prj_rim/data_raw/2023-06-02-03.nd2,8,warm,naive_stack,0.002516823401674628,0.002502819988876581,0.0025190040469169617,5,2184448,867.9385286017787,8x2x212x322,uint16,41c44ecbaee719c66c8b704ff27167e9,True,
baseline,2026-06-18T20:44:53.210848+00:00,baseline: naive per-frame read_frame + np.stack + H2D,nd2-rs,/store1/prj_rim/data_raw/2023-06-02-03.nd2,8,cold,naive_stack,0.009246644660985718,0.00876609398983419,0.008820125018246472,3,2184448,236.24223489595326,8x2x212x322,uint16,41c44ecbaee719c66c8b704ff27167e9,True,
baseline,2026-06-18T20:44:53.210848+00:00,baseline: naive per-frame read_frame + np.stack + H2D,nd2-rs,/store1/prj_rim/data_raw/2023-06-02-03.nd2,16,warm,naive_stack,0.005226216395385563,0.00513369299005717,0.0052425069734454155,5,4368896,835.9577310762475,16x2x212x322,uint16,b65d134ef330922bad7a0935e5d9df20,True,
baseline,2026-06-18T20:44:53.210848+00:00,baseline: naive per-frame read_frame + np.stack + H2D,nd2-rs,/store1/prj_rim/data_raw/2023-06-02-03.nd2,16,cold,naive_stack,0.019056644678736728,0.018277049995958805,0.019152890017721802,3,4368896,229.2584069049041,16x2x212x322,uint16,b65d134ef330922bad7a0935e5d9df20,True,
baseline,2026-06-18T20:44:53.210848+00:00,baseline: naive per-frame read_frame + np.stack + H2D,nd2-rs,/store1/prj_rim/data_raw/2023-06-02-03.nd2,32,warm,naive_stack,0.011242672603111714,0.011091306048911065,0.01124605000950396,5,8737792,777.1988306038174,32x2x212x322,uint16,15a623cc9771aba4f7044f8e8cd5f074,True,
baseline,2026-06-18T20:44:53.210848+00:00,baseline: naive per-frame read_frame + np.stack + H2D,nd2-rs,/store1/prj_rim/data_raw/2023-06-02-03.nd2,32,cold,naive_stack,0.03582485532388091,0.03392666298896074,0.03643065399955958,3,8737792,243.90306453450972,32x2x212x322,uint16,15a623cc9771aba4f7044f8e8cd5f074,True,
baseline,2026-06-18T20:44:53.210848+00:00,baseline: naive per-frame read_frame + np.stack + H2D,nd2-rs,/store1/prj_rim/data_raw/2023-06-02-03.nd2,64,warm,naive_stack,0.02277327700285241,0.022118385997600853,0.022810538997873664,5,17475584,767.3723899204819,64x2x212x322,uint16,223eff8249123a8fb623136cb4e21839,True,
baseline,2026-06-18T20:44:53.210848+00:00,baseline: naive per-frame read_frame + np.stack + H2D,nd2-rs,/store1/prj_rim/data_raw/2023-06-02-03.nd2,64,cold,naive_stack,0.08008909665901835,0.07376099500106648,0.07724378100829199,3,17475584,218.20178687247287,64x2x212x322,uint16,223eff8249123a8fb623136cb4e21839,True,
baseline,2026-06-18T20:44:53.210848+00:00,baseline: naive per-frame read_frame + np.stack + H2D,nd2-rs,/store1/prj_rim/data_raw/2023-06-02-03.nd2,128,warm,naive_stack,0.04489489400293678,0.04453627398470417,0.044638587976805866,5,34951168,778.5109816210655,128x2x212x322,uint16,f59f7a8b4ead52a9d1c524196351ca87,True,
baseline,2026-06-18T20:44:53.210848+00:00,baseline: naive per-frame read_frame + np.stack + H2D,nd2-rs,/store1/prj_rim/data_raw/2023-06-02-03.nd2,128,cold,naive_stack,0.15360385299815485,0.15279967797687277,0.15351710899267346,3,34951168,227.540958887404,128x2x212x322,uint16,f59f7a8b4ead52a9d1c524196351ca87,True,
baseline,2026-06-18T20:44:53.210848+00:00,baseline: naive per-frame read_frame + np.stack + H2D,nd2-rs,/store1/prj_rim/data_raw/2023-06-02-04.nd2,1,warm,naive_stack,0.00012304158881306648,0.00011800799984484911,0.00012349599273875356,5,273056,2219.2171170257407,1x2x212x322,uint16,76363fa327557646a6c89f12fc0f65a6,True,
baseline,2026-06-18T20:44:53.210848+00:00,baseline: naive per-frame read_frame + np.stack + H2D,nd2-rs,/store1/prj_rim/data_raw/2023-06-02-04.nd2,1,cold,naive_stack,0.0015043429836320381,0.0013678409741260111,0.0015101750032044947,3,273056,181.51179815439576,1x2x212x322,uint16,76363fa327557646a6c89f12fc0f65a6,True,
baseline,2026-06-18T20:44:53.210848+00:00,baseline: naive per-frame read_frame + np.stack + H2D,nd2-rs,/store1/prj_rim/data_raw/2023-06-02-04.nd2,8,warm,naive_stack,0.0024987180018797516,0.002483700984157622,0.0024933760287240148,5,2184448,874.2275032063119,8x2x212x322,uint16,4077961d3c169aadf7283b13c3cef21a,True,
baseline,2026-06-18T20:44:53.210848+00:00,baseline: naive per-frame read_frame + np.stack + H2D,nd2-rs,/store1/prj_rim/data_raw/2023-06-02-04.nd2,8,cold,naive_stack,0.010581678691475341,0.009794132027309388,0.010442319035064429,3,2184448,206.43681061302715,8x2x212x322,uint16,4077961d3c169aadf7283b13c3cef21a,True,
baseline,2026-06-18T20:44:53.210848+00:00,baseline: naive per-frame read_frame + np.stack + H2D,nd2-rs,/store1/prj_rim/data_raw/2023-06-02-04.nd2,16,warm,naive_stack,0.005204896000213921,0.005170277028810233,0.005206802976317704,5,4368896,839.3819972234677,16x2x212x322,uint16,2f9778364ccdb37a02bcaf662b897d4d,True,
baseline,2026-06-18T20:44:53.210848+00:00,baseline: naive per-frame read_frame + np.stack + H2D,nd2-rs,/store1/prj_rim/data_raw/2023-06-02-04.nd2,16,cold,naive_stack,0.019416092972581584,0.01907593396026641,0.019263886963017285,3,4368896,225.01416768911912,16x2x212x322,uint16,2f9778364ccdb37a02bcaf662b897d4d,True,
baseline,2026-06-18T20:44:53.210848+00:00,baseline: naive per-frame read_frame + np.stack + H2D,nd2-rs,/store1/prj_rim/data_raw/2023-06-02-04.nd2,32,warm,naive_stack,0.011252249008975923,0.01121968001825735,0.011259550985414535,5,8737792,776.5373831515691,32x2x212x322,uint16,fbc0a36f13e7610acbe4435b1a094acb,True,
baseline,2026-06-18T20:44:53.210848+00:00,baseline: naive per-frame read_frame + np.stack + H2D,nd2-rs,/store1/prj_rim/data_raw/2023-06-02-04.nd2,32,cold,naive_stack,0.04064467566786334,0.03965840698219836,0.03981788700912148,3,8737792,214.9799907717984,32x2x212x322,uint16,fbc0a36f13e7610acbe4435b1a094acb,True,
baseline,2026-06-18T20:44:53.210848+00:00,baseline: naive per-frame read_frame + np.stack + H2D,nd2-rs,/store1/prj_rim/data_raw/2023-06-02-04.nd2,64,warm,naive_stack,0.0225189138087444,0.02218752005137503,0.022502996027469635,5,17475584,776.0402721206736,64x2x212x322,uint16,5914682c419f31d551b0546443cd4d67,True,
baseline,2026-06-18T20:44:53.210848+00:00,baseline: naive per-frame read_frame + np.stack + H2D,nd2-rs,/store1/prj_rim/data_raw/2023-06-02-04.nd2,64,cold,naive_stack,0.08714027068344876,0.08415626303758472,0.08514727500732988,3,17475584,200.54544084999355,64x2x212x322,uint16,5914682c419f31d551b0546443cd4d67,True,
baseline,2026-06-18T20:44:53.210848+00:00,baseline: naive per-frame read_frame + np.stack + H2D,nd2-rs,/store1/prj_rim/data_raw/2023-06-02-04.nd2,128,warm,naive_stack,0.04506474179215729,0.04469372099265456,0.044910957978572696,5,34951168,775.5767948521259,128x2x212x322,uint16,ff05eb71429b71c9a8fbbcf45385c781,True,
baseline,2026-06-18T20:44:53.210848+00:00,baseline: naive per-frame read_frame + np.stack + H2D,nd2-rs,/store1/prj_rim/data_raw/2023-06-02-04.nd2,128,cold,naive_stack,0.16872350433065245,0.1652232920168899,0.1679411759832874,3,34951168,207.15055758624572,128x2x212x322,uint16,ff05eb71429b71c9a8fbbcf45385c781,True,
baseline,2026-06-18T20:44:53.210848+00:00,baseline: naive per-frame read_frame + np.stack + H2D,nd2-rs,/store1/prj_rim/data_raw/2023-06-03-11.nd2,1,warm,naive_stack,0.00011741680791601538,0.00011536397505551577,0.00011664599878713489,5,273056,2325.527365684379,1x2x212x322,uint16,b8c1ba0e2d72b2867ce22bb3962f213e,True,
baseline,2026-06-18T20:44:53.210848+00:00,baseline: naive per-frame read_frame + np.stack + H2D,nd2-rs,/store1/prj_rim/data_raw/2023-06-03-11.nd2,1,cold,naive_stack,0.0012465076482233901,0.001209512003697455,0.001255510956980288,3,273056,219.05681877618522,1x2x212x322,uint16,b8c1ba0e2d72b2867ce22bb3962f213e,True,
baseline,2026-06-18T20:44:53.210848+00:00,baseline: naive per-frame read_frame + np.stack + H2D,nd2-rs,/store1/prj_rim/data_raw/2023-06-03-11.nd2,8,warm,naive_stack,0.0024899586220271885,0.0024719530483707786,0.0024892000365071,5,2184448,877.3029321352905,8x2x212x322,uint16,67addd194307e9021c38d5fd7555a48f,True,
baseline,2026-06-18T20:44:53.210848+00:00,baseline: naive per-frame read_frame + np.stack + H2D,nd2-rs,/store1/prj_rim/data_raw/2023-06-03-11.nd2,8,cold,naive_stack,0.008737581005940834,0.008033860998693854,0.008893685997463763,3,2184448,250.0060369700442,8x2x212x322,uint16,67addd194307e9021c38d5fd7555a48f,True,
baseline,2026-06-18T20:44:53.210848+00:00,baseline: naive per-frame read_frame + np.stack + H2D,nd2-rs,/store1/prj_rim/data_raw/2023-06-03-11.nd2,16,warm,naive_stack,0.005248161603230983,0.0052190819988027215,0.005238211015239358,5,4368896,832.4621706218667,16x2x212x322,uint16,e9a632155fb56221cfcedce7f927fbc0,True,
baseline,2026-06-18T20:44:53.210848+00:00,baseline: naive per-frame read_frame + np.stack + H2D,nd2-rs,/store1/prj_rim/data_raw/2023-06-03-11.nd2,16,cold,naive_stack,0.019425199328300852,0.017693049972876906,0.020017061033286154,3,4368896,224.90868310601542,16x2x212x322,uint16,e9a632155fb56221cfcedce7f927fbc0,True,
baseline,2026-06-18T20:44:53.210848+00:00,baseline: naive per-frame read_frame + np.stack + H2D,nd2-rs,/store1/prj_rim/data_raw/2023-06-03-11.nd2,32,warm,naive_stack,0.011235277797095478,0.011002373008523136,0.011238157982006669,5,8737792,777.7103653154777,32x2x212x322,uint16,d860e56188aced9813599207c5ea1a45,True,
baseline,2026-06-18T20:44:53.210848+00:00,baseline: naive per-frame read_frame + np.stack + H2D,nd2-rs,/store1/prj_rim/data_raw/2023-06-03-11.nd2,32,cold,naive_stack,0.03986013733083382,0.03844235499855131,0.03959809598745778,3,8737792,219.2112868924031,32x2x212x322,uint16,d860e56188aced9813599207c5ea1a45,True,
baseline,2026-06-18T20:44:53.210848+00:00,baseline: naive per-frame read_frame + np.stack + H2D,nd2-rs,/store1/prj_rim/data_raw/2023-06-03-11.nd2,64,warm,naive_stack,0.022660815576091408,0.022353089996613562,0.022686331998556852,5,17475584,771.1807168334155,64x2x212x322,uint16,8ffc1dd0c888fbe22f07be18fcb3fcab,True,
baseline,2026-06-18T20:44:53.210848+00:00,baseline: naive per-frame read_frame + np.stack + H2D,nd2-rs,/store1/prj_rim/data_raw/2023-06-03-11.nd2,64,cold,naive_stack,0.07476183832235013,0.07157970796106383,0.07484723097877577,3,17475584,233.75005741098337,64x2x212x322,uint16,8ffc1dd0c888fbe22f07be18fcb3fcab,True,
baseline,2026-06-18T20:44:53.210848+00:00,baseline: naive per-frame read_frame + np.stack + H2D,nd2-rs,/store1/prj_rim/data_raw/2023-06-03-11.nd2,128,warm,naive_stack,0.044672901812009516,0.04422509501455352,0.04434220201801509,5,34951168,782.3796212540641,128x2x212x322,uint16,a7fbf8e34e3bb19c3aea3969ad609543,True,
baseline,2026-06-18T20:44:53.210848+00:00,baseline: naive per-frame read_frame + np.stack + H2D,nd2-rs,/store1/prj_rim/data_raw/2023-06-03-11.nd2,128,cold,naive_stack,0.14645917166490108,0.14069351396756247,0.1485130520304665,3,34951168,238.6410328741197,128x2x212x322,uint16,a7fbf8e34e3bb19c3aea3969ad609543,True,
optA,2026-06-18T20:45:17.337258+00:00,Opt A: one Rust call packs batch into contiguous buffer; GPU de-interleave,pypi-nd2,/store1/prj_rim/data_raw/2023-06-02-03.nd2,1,warm,naive_stack,0.00010106260888278484,9.724701521918178e-05,9.973003761842847e-05,5,273056,2701.849902931932,1x2x212x322,uint16,068958289b6a668e1e2f79e779da5bce,True,
optA,2026-06-18T20:45:17.337258+00:00,Opt A: one Rust call packs batch into contiguous buffer; GPU de-interleave,pypi-nd2,/store1/prj_rim/data_raw/2023-06-02-03.nd2,1,cold,naive_stack,0.0018305840203538537,0.0018038669950328767,0.0018259300268255174,3,273056,149.16332545458252,1x2x212x322,uint16,068958289b6a668e1e2f79e779da5bce,True,
optA,2026-06-18T20:45:17.337258+00:00,Opt A: one Rust call packs batch into contiguous buffer; GPU de-interleave,pypi-nd2,/store1/prj_rim/data_raw/2023-06-02-03.nd2,8,warm,naive_stack,0.002340071205981076,0.002324742032214999,0.0023377419565804303,5,2184448,933.4963801172747,8x2x212x322,uint16,41c44ecbaee719c66c8b704ff27167e9,True,
optA,2026-06-18T20:45:17.337258+00:00,Opt A: one Rust call packs batch into contiguous buffer; GPU de-interleave,pypi-nd2,/store1/prj_rim/data_raw/2023-06-02-03.nd2,8,cold,naive_stack,0.0053653986542485654,0.005241605977062136,0.005399302986916155,3,2184448,407.1361963514594,8x2x212x322,uint16,41c44ecbaee719c66c8b704ff27167e9,True,
optA,2026-06-18T20:45:17.337258+00:00,Opt A: one Rust call packs batch into contiguous buffer; GPU de-interleave,pypi-nd2,/store1/prj_rim/data_raw/2023-06-02-03.nd2,16,warm,naive_stack,0.005034513585269451,0.004966610984411091,0.005029225954785943,5,4368896,867.7890973982095,16x2x212x322,uint16,b65d134ef330922bad7a0935e5d9df20,True,
optA,2026-06-18T20:45:17.337258+00:00,Opt A: one Rust call packs batch into contiguous buffer; GPU de-interleave,pypi-nd2,/store1/prj_rim/data_raw/2023-06-02-03.nd2,16,cold,naive_stack,0.015101093333214521,0.014915166946593672,0.014941966044716537,3,4368896,289.30991310349094,16x2x212x322,uint16,b65d134ef330922bad7a0935e5d9df20,True,
optA,2026-06-18T20:45:17.337258+00:00,Opt A: one Rust call packs batch into contiguous buffer; GPU de-interleave,pypi-nd2,/store1/prj_rim/data_raw/2023-06-02-03.nd2,32,warm,naive_stack,0.010591533791739494,0.010507247003261,0.010607698000967503,5,8737792,824.9789097415469,32x2x212x322,uint16,15a623cc9771aba4f7044f8e8cd5f074,True,
optA,2026-06-18T20:45:17.337258+00:00,Opt A: one Rust call packs batch into contiguous buffer; GPU de-interleave,pypi-nd2,/store1/prj_rim/data_raw/2023-06-02-03.nd2,32,cold,naive_stack,0.03418261499609798,0.032047412008978426,0.03405171097256243,3,8737792,255.62093482308003,32x2x212x322,uint16,15a623cc9771aba4f7044f8e8cd5f074,True,
optA,2026-06-18T20:45:17.337258+00:00,Opt A: one Rust call packs batch into contiguous buffer; GPU de-interleave,pypi-nd2,/store1/prj_rim/data_raw/2023-06-02-03.nd2,64,warm,naive_stack,0.02203529318794608,0.02184347197180614,0.022125947987660766,5,17475584,793.0724520406941,64x2x212x322,uint16,223eff8249123a8fb623136cb4e21839,True,
optA,2026-06-18T20:45:17.337258+00:00,Opt A: one Rust call packs batch into contiguous buffer; GPU de-interleave,pypi-nd2,/store1/prj_rim/data_raw/2023-06-02-03.nd2,64,cold,naive_stack,0.0677300569950603,0.06427271297434345,0.06896789401071146,3,17475584,258.0181499223385,64x2x212x322,uint16,223eff8249123a8fb623136cb4e21839,True,
optA,2026-06-18T20:45:17.337258+00:00,Opt A: one Rust call packs batch into contiguous buffer; GPU de-interleave,pypi-nd2,/store1/prj_rim/data_raw/2023-06-02-03.nd2,128,warm,naive_stack,0.043808655987959355,0.04375259397784248,0.04376110597513616,5,34951168,797.8142038780235,128x2x212x322,uint16,f59f7a8b4ead52a9d1c524196351ca87,True,
optA,2026-06-18T20:45:17.337258+00:00,Opt A: one Rust call packs batch into contiguous buffer; GPU de-interleave,pypi-nd2,/store1/prj_rim/data_raw/2023-06-02-03.nd2,128,cold,naive_stack,0.14194279563768455,0.13828281295718625,0.14035597495967522,3,34951168,246.2341807696563,128x2x212x322,uint16,f59f7a8b4ead52a9d1c524196351ca87,True,
optA,2026-06-18T20:45:17.337258+00:00,Opt A: one Rust call packs batch into contiguous buffer; GPU de-interleave,pypi-nd2,/store1/prj_rim/data_raw/2023-06-02-04.nd2,1,warm,naive_stack,9.868039051070809e-05,9.694596519693732e-05,9.838800178840756e-05,5,273056,2767.0745787165274,1x2x212x322,uint16,76363fa327557646a6c89f12fc0f65a6,True,
optA,2026-06-18T20:45:17.337258+00:00,Opt A: one Rust call packs batch into contiguous buffer; GPU de-interleave,pypi-nd2,/store1/prj_rim/data_raw/2023-06-02-04.nd2,1,cold,naive_stack,0.0017748870110760133,0.0017502869595773518,0.0017537220264784992,3,273056,153.84415925972755,1x2x212x322,uint16,76363fa327557646a6c89f12fc0f65a6,True,
optA,2026-06-18T20:45:17.337258+00:00,Opt A: one Rust call packs batch into contiguous buffer; GPU de-interleave,pypi-nd2,/store1/prj_rim/data_raw/2023-06-02-04.nd2,8,warm,naive_stack,0.0023603518144227563,0.002354807045776397,0.002358463010750711,5,2184448,925.4755950583684,8x2x212x322,uint16,4077961d3c169aadf7283b13c3cef21a,True,
optA,2026-06-18T20:45:17.337258+00:00,Opt A: one Rust call packs batch into contiguous buffer; GPU de-interleave,pypi-nd2,/store1/prj_rim/data_raw/2023-06-02-04.nd2,8,cold,naive_stack,0.005600303004030138,0.005414066021330655,0.00541494699427858,3,2184448,390.0588947469465,8x2x212x322,uint16,4077961d3c169aadf7283b13c3cef21a,True,
optA,2026-06-18T20:45:17.337258+00:00,Opt A: one Rust call packs batch into contiguous buffer; GPU de-interleave,pypi-nd2,/store1/prj_rim/data_raw/2023-06-02-04.nd2,16,warm,naive_stack,0.004947079624980688,0.0048757740296423435,0.0049471420352347195,5,4368896,883.1262747296198,16x2x212x322,uint16,2f9778364ccdb37a02bcaf662b897d4d,True,
optA,2026-06-18T20:45:17.337258+00:00,Opt A: one Rust call packs batch into contiguous buffer; GPU de-interleave,pypi-nd2,/store1/prj_rim/data_raw/2023-06-02-04.nd2,16,cold,naive_stack,0.014802586655908575,0.014317165012471378,0.014622044982388616,3,4368896,295.1440921479841,16x2x212x322,uint16,2f9778364ccdb37a02bcaf662b897d4d,True,
optA,2026-06-18T20:45:17.337258+00:00,Opt A: one Rust call packs batch into contiguous buffer; GPU de-interleave,pypi-nd2,/store1/prj_rim/data_raw/2023-06-02-04.nd2,32,warm,naive_stack,0.010761299391742796,0.010663961991667747,0.010773288027849048,5,8737792,811.9643996434627,32x2x212x322,uint16,fbc0a36f13e7610acbe4435b1a094acb,True,
optA,2026-06-18T20:45:17.337258+00:00,Opt A: one Rust call packs batch into contiguous buffer; GPU de-interleave,pypi-nd2,/store1/prj_rim/data_raw/2023-06-02-04.nd2,32,cold,naive_stack,0.034012689313385636,0.03162094997242093,0.03494007000699639,3,8737792,256.89800413874525,32x2x212x322,uint16,fbc0a36f13e7610acbe4435b1a094acb,True,
optA,2026-06-18T20:45:17.337258+00:00,Opt A: one Rust call packs batch into contiguous buffer; GPU de-interleave,pypi-nd2,/store1/prj_rim/data_raw/2023-06-02-04.nd2,64,warm,naive_stack,0.021687591611407698,0.021445141988806427,0.021745304053183645,5,17475584,805.7872129428988,64x2x212x322,uint16,5914682c419f31d551b0546443cd4d67,True,
optA,2026-06-18T20:45:17.337258+00:00,Opt A: one Rust call packs batch into contiguous buffer; GPU de-interleave,pypi-nd2,/store1/prj_rim/data_raw/2023-06-02-04.nd2,64,cold,naive_stack,0.07537298965811108,0.07010759197873995,0.0761680499999784,3,17475584,231.854727791329,64x2x212x322,uint16,5914682c419f31d551b0546443cd4d67,True,
optA,2026-06-18T20:45:17.337258+00:00,Opt A: one Rust call packs batch into contiguous buffer; GPU de-interleave,pypi-nd2,/store1/prj_rim/data_raw/2023-06-02-04.nd2,128,warm,naive_stack,0.043285674415528774,0.04291931900661439,0.04309026600094512,5,34951168,807.4534698126647,128x2x212x322,uint16,ff05eb71429b71c9a8fbbcf45385c781,True,
optA,2026-06-18T20:45:17.337258+00:00,Opt A: one Rust call packs batch into contiguous buffer; GPU de-interleave,pypi-nd2,/store1/prj_rim/data_raw/2023-06-02-04.nd2,128,cold,naive_stack,0.1479836006377203,0.1320641149650328,0.14605617098277435,3,34951168,236.1827111205667,128x2x212x322,uint16,ff05eb71429b71c9a8fbbcf45385c781,True,
optA,2026-06-18T20:45:17.337258+00:00,Opt A: one Rust call packs batch into contiguous buffer; GPU de-interleave,pypi-nd2,/store1/prj_rim/data_raw/2023-06-03-11.nd2,1,warm,naive_stack,0.00010068961419165134,9.747699368745089e-05,9.910902008414268e-05,5,273056,2711.858637975002,1x2x212x322,uint16,b8c1ba0e2d72b2867ce22bb3962f213e,True,
optA,2026-06-18T20:45:17.337258+00:00,Opt A: one Rust call packs batch into contiguous buffer; GPU de-interleave,pypi-nd2,/store1/prj_rim/data_raw/2023-06-03-11.nd2,1,cold,naive_stack,0.0017942490133767326,0.0017483929987065494,0.0017586990143172443,3,273056,152.18400454132916,1x2x212x322,uint16,b8c1ba0e2d72b2867ce22bb3962f213e,True,
optA,2026-06-18T20:45:17.337258+00:00,Opt A: one Rust call packs batch into contiguous buffer; GPU de-interleave,pypi-nd2,/store1/prj_rim/data_raw/2023-06-03-11.nd2,8,warm,naive_stack,0.0023667590110562743,0.002341717015951872,0.002363761013839394,5,2184448,922.9701840345335,8x2x212x322,uint16,67addd194307e9021c38d5fd7555a48f,True,
optA,2026-06-18T20:45:17.337258+00:00,Opt A: one Rust call packs batch into contiguous buffer; GPU de-interleave,pypi-nd2,/store1/prj_rim/data_raw/2023-06-03-11.nd2,8,cold,naive_stack,0.0056306183493385715,0.005428828008007258,0.0055662140366621315,3,2184448,387.9588109992585,8x2x212x322,uint16,67addd194307e9021c38d5fd7555a48f,True,
optA,2026-06-18T20:45:17.337258+00:00,Opt A: one Rust call packs batch into contiguous buffer; GPU de-interleave,pypi-nd2,/store1/prj_rim/data_raw/2023-06-03-11.nd2,16,warm,naive_stack,0.00501531440531835,0.004998769029043615,0.005018749972805381,5,4368896,871.1110903370537,16x2x212x322,uint16,e9a632155fb56221cfcedce7f927fbc0,True,
optA,2026-06-18T20:45:17.337258+00:00,Opt A: one Rust call packs batch into contiguous buffer; GPU de-interleave,pypi-nd2,/store1/prj_rim/data_raw/2023-06-03-11.nd2,16,cold,naive_stack,0.015456741986175379,0.014064175018575042,0.015405914979055524,3,4368896,282.65309752259384,16x2x212x322,uint16,e9a632155fb56221cfcedce7f927fbc0,True,
optA,2026-06-18T20:45:17.337258+00:00,Opt A: one Rust call packs batch into contiguous buffer; GPU de-interleave,pypi-nd2,/store1/prj_rim/data_raw/2023-06-03-11.nd2,32,warm,naive_stack,0.010791030386462808,0.010582140006590635,0.01079196500359103,5,8737792,809.727309355132,32x2x212x322,uint16,d860e56188aced9813599207c5ea1a45,True,
optA,2026-06-18T20:45:17.337258+00:00,Opt A: one Rust call packs batch into contiguous buffer; GPU de-interleave,pypi-nd2,/store1/prj_rim/data_raw/2023-06-03-11.nd2,32,cold,naive_stack,0.03395861466803277,0.03267257398692891,0.033839431998785585,3,8737792,257.3070805572464,32x2x212x322,uint16,d860e56188aced9813599207c5ea1a45,True,
optA,2026-06-18T20:45:17.337258+00:00,Opt A: one Rust call packs batch into contiguous buffer; GPU de-interleave,pypi-nd2,/store1/prj_rim/data_raw/2023-06-03-11.nd2,64,warm,naive_stack,0.02207054221071303,0.022008310013916343,0.022022210992872715,5,17475584,791.8058302852822,64x2x212x322,uint16,8ffc1dd0c888fbe22f07be18fcb3fcab,True,
optA,2026-06-18T20:45:17.337258+00:00,Opt A: one Rust call packs batch into contiguous buffer; GPU de-interleave,pypi-nd2,/store1/prj_rim/data_raw/2023-06-03-11.nd2,64,cold,naive_stack,0.07634033266610156,0.0719490849878639,0.0736859809840098,3,17475584,228.91679129084963,64x2x212x322,uint16,8ffc1dd0c888fbe22f07be18fcb3fcab,True,
optA,2026-06-18T20:45:17.337258+00:00,Opt A: one Rust call packs batch into contiguous buffer; GPU de-interleave,pypi-nd2,/store1/prj_rim/data_raw/2023-06-03-11.nd2,128,warm,naive_stack,0.043256023584399374,0.04311136796604842,0.04329881997546181,5,34951168,808.0069572693088,128x2x212x322,uint16,a7fbf8e34e3bb19c3aea3969ad609543,True,
optA,2026-06-18T20:45:17.337258+00:00,Opt A: one Rust call packs batch into contiguous buffer; GPU de-interleave,pypi-nd2,/store1/prj_rim/data_raw/2023-06-03-11.nd2,128,cold,naive_stack,0.1535965153404201,0.1502107490086928,0.15348255704157054,3,34951168,227.55182904076165,128x2x212x322,uint16,a7fbf8e34e3bb19c3aea3969ad609543,True,
optA,2026-06-18T20:45:17.337258+00:00,Opt A: one Rust call packs batch into contiguous buffer; GPU de-interleave,nd2-rs,/store1/prj_rim/data_raw/2023-06-02-03.nd2,1,warm,read_batch_to_torch,0.00010542860254645348,0.00010084197856485844,0.00010552903404459357,5,273056,2589.961295177817,1x2x212x322,uint16,068958289b6a668e1e2f79e779da5bce,True,
optA,2026-06-18T20:45:17.337258+00:00,Opt A: one Rust call packs batch into contiguous buffer; GPU de-interleave,nd2-rs,/store1/prj_rim/data_raw/2023-06-02-03.nd2,1,cold,read_batch_to_torch,0.0017713146711078782,0.0016609819722361863,0.0017256090068258345,3,273056,154.1544280380265,1x2x212x322,uint16,068958289b6a668e1e2f79e779da5bce,True,
optA,2026-06-18T20:45:17.337258+00:00,Opt A: one Rust call packs batch into contiguous buffer; GPU de-interleave,nd2-rs,/store1/prj_rim/data_raw/2023-06-02-03.nd2,8,warm,read_batch_to_torch,0.0003166725975461304,0.0003104570205323398,0.00031685701105743647,5,2184448,6898.127646430748,8x2x212x322,uint16,41c44ecbaee719c66c8b704ff27167e9,True,
optA,2026-06-18T20:45:17.337258+00:00,Opt A: one Rust call packs batch into contiguous buffer; GPU de-interleave,nd2-rs,/store1/prj_rim/data_raw/2023-06-02-03.nd2,8,cold,read_batch_to_torch,0.006540748659366121,0.006354540993925184,0.0066261510364711285,3,2184448,333.97522420800374,8x2x212x322,uint16,41c44ecbaee719c66c8b704ff27167e9,True,
optA,2026-06-18T20:45:17.337258+00:00,Opt A: one Rust call packs batch into contiguous buffer; GPU de-interleave,nd2-rs,/store1/prj_rim/data_raw/2023-06-02-03.nd2,16,warm,read_batch_to_torch,0.0005813078139908611,0.0005734240403398871,0.0005765979876741767,5,4368896,7515.632673172159,16x2x212x322,uint16,b65d134ef330922bad7a0935e5d9df20,True,
optA,2026-06-18T20:45:17.337258+00:00,Opt A: one Rust call packs batch into contiguous buffer; GPU de-interleave,nd2-rs,/store1/prj_rim/data_raw/2023-06-02-03.nd2,16,cold,read_batch_to_torch,0.011366724987359097,0.010436119977384806,0.011410236998926848,3,4368896,384.358379819925,16x2x212x322,uint16,b65d134ef330922bad7a0935e5d9df20,True,
optA,2026-06-18T20:45:17.337258+00:00,Opt A: one Rust call packs batch into contiguous buffer; GPU de-interleave,nd2-rs,/store1/prj_rim/data_raw/2023-06-02-03.nd2,32,warm,read_batch_to_torch,0.001522497390396893,0.0014975849771872163,0.0015086730127222836,5,8737792,5739.117882968708,32x2x212x322,uint16,15a623cc9771aba4f7044f8e8cd5f074,True,
optA,2026-06-18T20:45:17.337258+00:00,Opt A: one Rust call packs batch into contiguous buffer; GPU de-interleave,nd2-rs,/store1/prj_rim/data_raw/2023-06-02-03.nd2,32,cold,read_batch_to_torch,0.021915110022140045,0.021382027014624327,0.02162558404961601,3,8737792,398.71084339401096,32x2x212x322,uint16,15a623cc9771aba4f7044f8e8cd5f074,True,
optA,2026-06-18T20:45:17.337258+00:00,Opt A: one Rust call packs batch into contiguous buffer; GPU de-interleave,nd2-rs,/store1/prj_rim/data_raw/2023-06-02-03.nd2,64,warm,read_batch_to_torch,0.003132813412230462,0.0030675710295327008,0.0030909960041753948,5,17475584,5578.239652503897,64x2x212x322,uint16,223eff8249123a8fb623136cb4e21839,True,
optA,2026-06-18T20:45:17.337258+00:00,Opt A: one Rust call packs batch into contiguous buffer; GPU de-interleave,nd2-rs,/store1/prj_rim/data_raw/2023-06-02-03.nd2,64,cold,read_batch_to_torch,0.04696529331461837,0.044802344986237586,0.047429792990442365,3,17475584,372.0957065663756,64x2x212x322,uint16,223eff8249123a8fb623136cb4e21839,True,
optA,2026-06-18T20:45:17.337258+00:00,Opt A: one Rust call packs batch into contiguous buffer; GPU de-interleave,nd2-rs,/store1/prj_rim/data_raw/2023-06-02-03.nd2,128,warm,read_batch_to_torch,0.022377090400550515,0.022050985018722713,0.022211125993635505,5,34951168,1561.917451034659,128x2x212x322,uint16,f59f7a8b4ead52a9d1c524196351ca87,True,
optA,2026-06-18T20:45:17.337258+00:00,Opt A: one Rust call packs batch into contiguous buffer; GPU de-interleave,nd2-rs,/store1/prj_rim/data_raw/2023-06-02-03.nd2,128,cold,read_batch_to_torch,0.10567932899963732,0.1023068520007655,0.10280238901032135,3,34951168,330.7285192936828,128x2x212x322,uint16,f59f7a8b4ead52a9d1c524196351ca87,True,
optA,2026-06-18T20:45:17.337258+00:00,Opt A: one Rust call packs batch into contiguous buffer; GPU de-interleave,nd2-rs,/store1/prj_rim/data_raw/2023-06-02-04.nd2,1,warm,read_batch_to_torch,0.00010716781252995133,0.0001012930297292769,0.00010613101767376065,5,273056,2547.9292107757274,1x2x212x322,uint16,76363fa327557646a6c89f12fc0f65a6,True,
optA,2026-06-18T20:45:17.337258+00:00,Opt A: one Rust call packs batch into contiguous buffer; GPU de-interleave,nd2-rs,/store1/prj_rim/data_raw/2023-06-02-04.nd2,1,cold,read_batch_to_torch,0.001728750648908317,0.0015914069954305887,0.0017460300005041063,3,273056,157.9499045582029,1x2x212x322,uint16,76363fa327557646a6c89f12fc0f65a6,True,
optA,2026-06-18T20:45:17.337258+00:00,Opt A: one Rust call packs batch into contiguous buffer; GPU de-interleave,nd2-rs,/store1/prj_rim/data_raw/2023-06-02-04.nd2,8,warm,read_batch_to_torch,0.0003189867944456637,0.0003137629828415811,0.00031678698724135756,5,2184448,6848.082861223585,8x2x212x322,uint16,4077961d3c169aadf7283b13c3cef21a,True,
optA,2026-06-18T20:45:17.337258+00:00,Opt A: one Rust call packs batch into contiguous buffer; GPU de-interleave,nd2-rs,/store1/prj_rim/data_raw/2023-06-02-04.nd2,8,cold,read_batch_to_torch,0.006797532318159938,0.00626042002113536,0.006556996959261596,3,2184448,321.3589723088393,8x2x212x322,uint16,4077961d3c169aadf7283b13c3cef21a,True,
optA,2026-06-18T20:45:17.337258+00:00,Opt A: one Rust call packs batch into contiguous buffer; GPU de-interleave,nd2-rs,/store1/prj_rim/data_raw/2023-06-02-04.nd2,16,warm,read_batch_to_torch,0.0005872482084669173,0.0005752360448241234,0.0005844300030730665,5,4368896,7439.607200174409,16x2x212x322,uint16,2f9778364ccdb37a02bcaf662b897d4d,True,
optA,2026-06-18T20:45:17.337258+00:00,Opt A: one Rust call packs batch into contiguous buffer; GPU de-interleave,nd2-rs,/store1/prj_rim/data_raw/2023-06-02-04.nd2,16,cold,read_batch_to_torch,0.012375284005732587,0.011666523001622409,0.012133957003243268,3,4368896,353.03399889458717,16x2x212x322,uint16,2f9778364ccdb37a02bcaf662b897d4d,True,
optA,2026-06-18T20:45:17.337258+00:00,Opt A: one Rust call packs batch into contiguous buffer; GPU de-interleave,nd2-rs,/store1/prj_rim/data_raw/2023-06-02-04.nd2,32,warm,read_batch_to_torch,0.0014467251836322247,0.0014321170165203512,0.0014475199859589338,5,8737792,6039.704083993643,32x2x212x322,uint16,fbc0a36f13e7610acbe4435b1a094acb,True,
optA,2026-06-18T20:45:17.337258+00:00,Opt A: one Rust call packs batch into contiguous buffer; GPU de-interleave,nd2-rs,/store1/prj_rim/data_raw/2023-06-02-04.nd2,32,cold,read_batch_to_torch,0.0211414586713848,0.020488180976826698,0.020908875041641295,3,8737792,413.30128331337414,32x2x212x322,uint16,fbc0a36f13e7610acbe4435b1a094acb,True,
optA,2026-06-18T20:45:17.337258+00:00,Opt A: one Rust call packs batch into contiguous buffer; GPU de-interleave,nd2-rs,/store1/prj_rim/data_raw/2023-06-02-04.nd2,64,warm,read_batch_to_torch,0.0030267190188169478,0.0030085209873504937,0.003025708021596074,5,17475584,5773.77149690977,64x2x212x322,uint16,5914682c419f31d551b0546443cd4d67,True,
optA,2026-06-18T20:45:17.337258+00:00,Opt A: one Rust call packs batch into contiguous buffer; GPU de-interleave,nd2-rs,/store1/prj_rim/data_raw/2023-06-02-04.nd2,64,cold,read_batch_to_torch,0.04494197833507011,0.04414696799358353,0.04433133499696851,3,17475584,388.84767977299003,64x2x212x322,uint16,5914682c419f31d551b0546443cd4d67,True,
optA,2026-06-18T20:45:17.337258+00:00,Opt A: one Rust call packs batch into contiguous buffer; GPU de-interleave,nd2-rs,/store1/prj_rim/data_raw/2023-06-02-04.nd2,128,warm,read_batch_to_torch,0.02234255620278418,0.022068892023526132,0.022344547032844275,5,34951168,1564.3316585075713,128x2x212x322,uint16,ff05eb71429b71c9a8fbbcf45385c781,True,
optA,2026-06-18T20:45:17.337258+00:00,Opt A: one Rust call packs batch into contiguous buffer; GPU de-interleave,nd2-rs,/store1/prj_rim/data_raw/2023-06-02-04.nd2,128,cold,read_batch_to_torch,0.10317476268392056,0.09935028903419152,0.1040441690129228,3,34951168,338.75695073875875,128x2x212x322,uint16,ff05eb71429b71c9a8fbbcf45385c781,True,
optA,2026-06-18T20:45:17.337258+00:00,Opt A: one Rust call packs batch into contiguous buffer; GPU de-interleave,nd2-rs,/store1/prj_rim/data_raw/2023-06-03-11.nd2,1,warm,read_batch_to_torch,0.0001000789925456047,8.9565000962466e-05,9.801797568798065e-05,5,273056,2728.4047636228142,1x2x212x322,uint16,b8c1ba0e2d72b2867ce22bb3962f213e,True,
optA,2026-06-18T20:45:17.337258+00:00,Opt A: one Rust call packs batch into contiguous buffer; GPU de-interleave,nd2-rs,/store1/prj_rim/data_raw/2023-06-03-11.nd2,1,cold,read_batch_to_torch,0.0017778646627751489,0.0016323489835485816,0.001793981995433569,3,273056,153.58649379631328,1x2x212x322,uint16,b8c1ba0e2d72b2867ce22bb3962f213e,True,
optA,2026-06-18T20:45:17.337258+00:00,Opt A: one Rust call packs batch into contiguous buffer; GPU de-interleave,nd2-rs,/store1/prj_rim/data_raw/2023-06-03-11.nd2,8,warm,read_batch_to_torch,0.0003171795979142189,0.00030798400985077024,0.00031519500771537423,5,2184448,6887.101233386339,8x2x212x322,uint16,67addd194307e9021c38d5fd7555a48f,True,
optA,2026-06-18T20:45:17.337258+00:00,Opt A: one Rust call packs batch into contiguous buffer; GPU de-interleave,nd2-rs,/store1/prj_rim/data_raw/2023-06-03-11.nd2,8,cold,read_batch_to_torch,0.006364159693475813,0.005735870043281466,0.006530166021548212,3,2184448,343.2421726059728,8x2x212x322,uint16,67addd194307e9021c38d5fd7555a48f,True,
optA,2026-06-18T20:45:17.337258+00:00,Opt A: one Rust call packs batch into contiguous buffer; GPU de-interleave,nd2-rs,/store1/prj_rim/data_raw/2023-06-03-11.nd2,16,warm,read_batch_to_torch,0.000594070611987263,0.000577970000449568,0.0005919220275245607,5,4368896,7354.169541202065,16x2x212x322,uint16,e9a632155fb56221cfcedce7f927fbc0,True,
optA,2026-06-18T20:45:17.337258+00:00,Opt A: one Rust call packs batch into contiguous buffer; GPU de-interleave,nd2-rs,/store1/prj_rim/data_raw/2023-06-03-11.nd2,16,cold,read_batch_to_torch,0.01155257069816192,0.010707257024478167,0.010807208018377423,3,4368896,378.17522299994374,16x2x212x322,uint16,e9a632155fb56221cfcedce7f927fbc0,True,
optA,2026-06-18T20:45:17.337258+00:00,Opt A: one Rust call packs batch into contiguous buffer; GPU de-interleave,nd2-rs,/store1/prj_rim/data_raw/2023-06-03-11.nd2,32,warm,read_batch_to_torch,0.0016208074055612087,0.0016037359600886703,0.0016114370082505047,5,8737792,5391.011893220291,32x2x212x322,uint16,d860e56188aced9813599207c5ea1a45,True,
optA,2026-06-18T20:45:17.337258+00:00,Opt A: one Rust call packs batch into contiguous buffer; GPU de-interleave,nd2-rs,/store1/prj_rim/data_raw/2023-06-03-11.nd2,32,cold,read_batch_to_torch,0.021432740342182417,0.020172796037513763,0.021660597005393356,3,8737792,407.6843119683996,32x2x212x322,uint16,d860e56188aced9813599207c5ea1a45,True,
optA,2026-06-18T20:45:17.337258+00:00,Opt A: one Rust call packs batch into contiguous buffer; GPU de-interleave,nd2-rs,/store1/prj_rim/data_raw/2023-06-03-11.nd2,64,warm,read_batch_to_torch,0.0035101496032439172,0.0033972570090554655,0.0035196120152249932,5,17475584,4978.586663044183,64x2x212x322,uint16,8ffc1dd0c888fbe22f07be18fcb3fcab,True,
optA,2026-06-18T20:45:17.337258+00:00,Opt A: one Rust call packs batch into contiguous buffer; GPU de-interleave,nd2-rs,/store1/prj_rim/data_raw/2023-06-03-11.nd2,64,cold,read_batch_to_torch,0.03856428167394673,0.03740960999857634,0.03873829002259299,3,17475584,453.154661293903,64x2x212x322,uint16,8ffc1dd0c888fbe22f07be18fcb3fcab,True,
optA,2026-06-18T20:45:17.337258+00:00,Opt A: one Rust call packs batch into contiguous buffer; GPU de-interleave,nd2-rs,/store1/prj_rim/data_raw/2023-06-03-11.nd2,128,warm,read_batch_to_torch,0.024760205810889602,0.02248785295523703,0.02290703501785174,5,34951168,1411.5863279548503,128x2x212x322,uint16,a7fbf8e34e3bb19c3aea3969ad609543,True,
optA,2026-06-18T20:45:17.337258+00:00,Opt A: one Rust call packs batch into contiguous buffer; GPU de-interleave,nd2-rs,/store1/prj_rim/data_raw/2023-06-03-11.nd2,128,cold,read_batch_to_torch,0.0940268939981858,0.09269279101863503,0.09457691898569465,3,34951168,371.7145862616111,128x2x212x322,uint16,a7fbf8e34e3bb19c3aea3969ad609543,True,
